{
  "n_per_prompt": {
    "A": 30,
    "B": 30,
    "C": 30
  },
  "summary": {
    "A": {
      "numerical_fidelity": {
        "mean": 96.33333333333333,
        "std": 18.23852181951486,
        "n": 30
      },
      "structural_compliance": {
        "mean": 68.66666666666667,
        "std": 14.076964145021817,
        "n": 30
      },
      "hallucination_penalty": {
        "mean": 3.3333333333333335,
        "std": 18.257418583505537,
        "n": 30
      },
      "recommendation_actionable": {
        "mean": 2.8,
        "std": 0.7611243951073872,
        "n": 30
      },
      "constraint_adherence": {
        "mean": 96.66666666666667,
        "std": 18.257418583505537,
        "n": 30
      },
      "composite_score": {
        "mean": 77.26666666666667,
        "std": 14.595543328614774,
        "n": 30
      }
    },
    "B": {
      "numerical_fidelity": {
        "mean": 100.0,
        "std": 0.0,
        "n": 30
      },
      "structural_compliance": {
        "mean": 71.0,
        "std": 5.477225575051661,
        "n": 30
      },
      "hallucination_penalty": {
        "mean": 0.0,
        "std": 0.0,
        "n": 30
      },
      "recommendation_actionable": {
        "mean": 3.8666666666666667,
        "std": 1.3578211078487252,
        "n": 30
      },
      "constraint_adherence": {
        "mean": 100.0,
        "std": 0.0,
        "n": 30
      },
      "composite_score": {
        "mean": 81.93333333333334,
        "std": 3.084257394926844,
        "n": 30
      }
    },
    "C": {
      "numerical_fidelity": {
        "mean": 96.0,
        "std": 18.495106528950878,
        "n": 30
      },
      "structural_compliance": {
        "mean": 67.66666666666667,
        "std": 12.780193008453875,
        "n": 30
      },
      "hallucination_penalty": {
        "mean": 3.3333333333333335,
        "std": 18.25741858350554,
        "n": 30
      },
      "recommendation_actionable": {
        "mean": 4.2,
        "std": 1.6897255439251377,
        "n": 30
      },
      "constraint_adherence": {
        "mean": 96.66666666666667,
        "std": 18.257418583505537,
        "n": 30
      },
      "composite_score": {
        "mean": 79.8,
        "std": 15.351962696042797,
        "n": 30
      }
    }
  },
  "bartlett": {
    "statistic": 57.40172675450755,
    "p_value": 3.430626273951861e-13,
    "equal_var": false
  },
  "t_tests": {
    "A_vs_B": {
      "mean_1": 77.26666666666667,
      "mean_2": 81.93333333333334,
      "t_stat": -1.7134084288647322,
      "p_value": 0.09643809555669464
    },
    "A_vs_C": {
      "mean_1": 77.26666666666667,
      "mean_2": 79.8,
      "t_stat": -0.6550414937801244,
      "p_value": 0.5150372331475774
    },
    "B_vs_C": {
      "mean_1": 81.93333333333334,
      "mean_2": 79.8,
      "t_stat": 0.7462136437878494,
      "p_value": 0.46110002235470027
    }
  },
  "anova": {
    "f_stat": 1.0719617916198427,
    "p_value": 0.34681396109676105
  },
  "welch_anova": {
    "f_stat": 1.6703732372049904,
    "p_value": 0.2005081442498247
  },
  "per_dimension_anova": {
    "numerical_fidelity": {
      "f_stat": 0.6570698466780236,
      "p_value": 0.5209210821541874,
      "mean_A": 96.33333333333333,
      "mean_B": 100.0,
      "mean_C": 96.0
    },
    "structural_compliance": {
      "f_stat": 0.672636523781562,
      "p_value": 0.5129950614859031,
      "mean_A": 68.66666666666667,
      "mean_B": 71.0,
      "mean_C": 67.66666666666667
    },
    "hallucination_penalty": {
      "f_stat": 0.5000000000000001,
      "p_value": 0.6082627910182152,
      "mean_A": 3.3333333333333335,
      "mean_B": 0.0,
      "mean_C": 3.3333333333333335
    },
    "recommendation_actionable": {
      "f_stat": 9.11933797909408,
      "p_value": 0.0002537807385280609,
      "mean_A": 2.8,
      "mean_B": 3.8666666666666667,
      "mean_C": 4.2
    },
    "constraint_adherence": {
      "f_stat": 0.49999999999999994,
      "p_value": 0.6082627910182152,
      "mean_A": 96.66666666666667,
      "mean_B": 100.0,
      "mean_C": 96.66666666666667
    }
  },
  "tukey_hsd": [
    {
      "A": "A",
      "B": "B",
      "mean_A": 77.26666666666667,
      "mean_B": 81.93333333333334,
      "diff": -4.666666666666671,
      "se": 3.1910475025411045,
      "T": -1.4624246937566732,
      "p_tukey": 0.31398990687053874,
      "hedges": -0.4366546974706353
    },
    {
      "A": "A",
      "B": "C",
      "mean_A": 77.26666666666667,
      "mean_B": 79.8,
      "diff": -2.5333333333333314,
      "se": 3.1910475025411045,
      "T": -0.7938876908964783,
      "p_tukey": 0.7077696684244641,
      "hedges": -0.16693448011504683
    },
    {
      "A": "B",
      "B": "C",
      "mean_A": 81.93333333333334,
      "mean_B": 79.8,
      "diff": 2.13333333333334,
      "se": 3.1910475025411045,
      "T": 0.6685370028601948,
      "p_tukey": 0.7823269510197266,
      "hedges": 0.19016930662150233
    }
  ],
  "conclusion": {
    "means": {
      "A": 77.26666666666667,
      "B": 81.93333333333334,
      "C": 79.8
    },
    "best_prompt": "B",
    "anova_significant_at_0.05": false,
    "significant_dimensions": [
      "recommendation_actionable"
    ]
  }
}